TITLE,COMPANY,LOCATION,Link
Laravel and Vue.js Developer,The Remote Company,No office location,https://stackoverflow.com/jobs/447895/laravel-and-vuejs-developer-the-remote-company
Software Engineer Vue.js,Harlem Next,"Haarlem, Netherlands",https://stackoverflow.com/jobs/427253/software-engineer-vuejs-harlem-next
Senior Frontend Engineer (Vue.js),Financial Technology Partners,"San Francisco, CA",https://stackoverflow.com/jobs/446919/senior-frontend-engineer-vuejs-financial-technology-partners
VueJS FE Developer,Cycloid,No office location,https://stackoverflow.com/jobs/457236/vuejs-fe-developer-cycloid
Webdeveloper for Backend (NodeJS) and Frontend (Vue) (m/f),RINGANA GmbH,"Wien, Österreich",https://stackoverflow.com/jobs/421723/webdeveloper-for-backend-nodejs-and-frontend-ringana-gmbh
Senior full stack developer (Azure/.NET core/VueJs/Typescript),33reasons,No office location,https://stackoverflow.com/jobs/453423/senior-full-stack-developer-azure-net-core-33reasons
Shopify Developer with React and/or Vue (Remote),X-Team,No office location,https://stackoverflow.com/jobs/491625/shopify-developer-with-react-and-or-vue-remote-x-team
Lead Vue.js / PHP developer,HUBX,No office location,https://stackoverflow.com/jobs/397027/lead-vuejs-php-developer-hubx
Lead Front-end Engineer - REMOTE - VUE.JS,Launch Potato,"Delray Beach, FL",https://stackoverflow.com/jobs/490271/lead-front-end-engineer-remote-vuejs-launch-potato
Front End (Vue.js) Developer,Pentalog,"Iași, Romania",https://stackoverflow.com/jobs/485099/front-end-vuejs-developer-pentalog
Senior Full-Stack Engineer (Vue/Node),Wisely,No office location,https://stackoverflow.com/jobs/405895/senior-full-stack-engineer-vue-node-wisely
"Full Stack Software Engineer (Python, Vue, Shopify)",Opinew,No office location,https://stackoverflow.com/jobs/484286/full-stack-software-engineer-python-vue-opinew
Frontend Vue.js Developer,Scalable Path,No office location,https://stackoverflow.com/jobs/497087/frontend-vuejs-developer-scalable-path
Javascript Developer (Vue.js / Node.js),Lucky Orange LLC,"Overland Park, KS",https://stackoverflow.com/jobs/374387/javascript-developer-vuejs-nodejs-lucky-orange-llc
(Senior) Full Stack Developer (Python/Vue.js/Django),Limehome GmbH,"Madrid, Spain",https://stackoverflow.com/jobs/496302/senior-full-stack-developer-python-vuejs-limehome-gmbh
Front End (Vue.js) Developer,Pentalog,"Bucharest, Romania",https://stackoverflow.com/jobs/487270/front-end-vuejs-developer-pentalog
Principal Front-End Engineer - Team Lead (Vue.js),Corsearch,"Amsterdam, Netherlands",https://stackoverflow.com/jobs/412440/principal-front-end-engineer-team-lead-vuejs-corsearch
"Software Developer II - Full Stack Java Developer - node.js, vue.js, Java",Lumen,"Town and Country, MO",https://stackoverflow.com/jobs/497616/software-developer-ii-full-stack-java-developer-lumen
Front-end Software Engineer (Any Stack --> Vue),Kaizen Gaming (Stoiximan/Betano),"Athens, Greece",https://stackoverflow.com/jobs/497598/front-end-software-engineer-any-stack-vue-kaizen-gaming-stoiximan
Frontend Developer (Vue.js) (m/w/d),Peek & Cloppenburg KG Düsseldorf,"Düsseldorf, Deutschland",https://stackoverflow.com/jobs/447396/frontend-developer-vuejs-m-w-d-peek-cloppenburg-kg
"Full Stack Engineer - Junior to Senior - Vue.js, Go",Ezoic,"Carlsbad, CA",https://stackoverflow.com/jobs/427867/full-stack-engineer-junior-to-senior-vuejs-ezoic
"Senior Software Engineer - Go, Vue.js, Machine Learning",Ezoic,"Carlsbad, CA",https://stackoverflow.com/jobs/427866/senior-software-engineer-go-vuejs-machine-ezoic
Fullstack Developer Laravel / Vue,AirLST GmbH,"München, Deutschland",https://stackoverflow.com/jobs/261736/fullstack-developer-laravel-vue-airlst-gmbh
Senior Front-end Developer (Vue.js) - Remote,Insider,No office location,https://stackoverflow.com/jobs/456300/senior-front-end-developer-vuejs-remote-insider
Senior Vue.js Developer Who Is Devoted To Clean Code,Digital Masterplanning,"Chicago, IL",https://stackoverflow.com/jobs/484660/senior-vuejs-developer-who-is-devoted-to-clean-digital-masterplanning
Javascript Developer (Vue.js / Node.js),Lucky Orange LLC,"Overland Park, KS",https://stackoverflow.com/jobs/374387/javascript-developer-vuejs-nodejs-lucky-orange-llc
Software Engineer Vue.js,Harlem Next,"Haarlem, Netherlands",https://stackoverflow.com/jobs/427253/software-engineer-vuejs-harlem-next
Senior Frontend Engineer (Vue.js),Financial Technology Partners,"San Francisco, CA",https://stackoverflow.com/jobs/446919/senior-frontend-engineer-vuejs-financial-technology-partners
VueJS FE Developer,Cycloid,No office location,https://stackoverflow.com/jobs/457236/vuejs-fe-developer-cycloid
Webdeveloper for Backend (NodeJS) and Frontend (Vue) (m/f),RINGANA GmbH,"Wien, Österreich",https://stackoverflow.com/jobs/421723/webdeveloper-for-backend-nodejs-and-frontend-ringana-gmbh
Senior full stack developer (Azure/.NET core/VueJs/Typescript),33reasons,No office location,https://stackoverflow.com/jobs/453423/senior-full-stack-developer-azure-net-core-33reasons
Shopify Developer with React and/or Vue (Remote),X-Team,No office location,https://stackoverflow.com/jobs/491625/shopify-developer-with-react-and-or-vue-remote-x-team
Lead Vue.js / PHP developer,HUBX,No office location,https://stackoverflow.com/jobs/397027/lead-vuejs-php-developer-hubx
Lead Front-end Engineer - REMOTE - VUE.JS,Launch Potato,"Delray Beach, FL",https://stackoverflow.com/jobs/490271/lead-front-end-engineer-remote-vuejs-launch-potato
Front End (Vue.js) Developer,Pentalog,"Iași, Romania",https://stackoverflow.com/jobs/485099/front-end-vuejs-developer-pentalog
Senior Full-Stack Engineer (Vue/Node),Wisely,No office location,https://stackoverflow.com/jobs/405895/senior-full-stack-engineer-vue-node-wisely
"Full Stack Software Engineer (Python, Vue, Shopify)",Opinew,No office location,https://stackoverflow.com/jobs/484286/full-stack-software-engineer-python-vue-opinew
Laravel and Vue.js Developer,The Remote Company,No office location,https://stackoverflow.com/jobs/447895/laravel-and-vuejs-developer-the-remote-company
Frontend Vue.js Developer,Scalable Path,No office location,https://stackoverflow.com/jobs/497087/frontend-vuejs-developer-scalable-path
(Senior) Full Stack Developer (Python/Vue.js/Django),Limehome GmbH,"Madrid, Spain",https://stackoverflow.com/jobs/496302/senior-full-stack-developer-python-vuejs-limehome-gmbh
Front End (Vue.js) Developer,Pentalog,"Bucharest, Romania",https://stackoverflow.com/jobs/487270/front-end-vuejs-developer-pentalog
Principal Front-End Engineer - Team Lead (Vue.js),Corsearch,"Amsterdam, Netherlands",https://stackoverflow.com/jobs/412440/principal-front-end-engineer-team-lead-vuejs-corsearch
Front-end Software Engineer (Any Stack --> Vue),Kaizen Gaming (Stoiximan/Betano),"Athens, Greece",https://stackoverflow.com/jobs/497598/front-end-software-engineer-any-stack-vue-kaizen-gaming-stoiximan
Frontend Developer (Vue.js) (m/w/d),Peek & Cloppenburg KG Düsseldorf,"Düsseldorf, Deutschland",https://stackoverflow.com/jobs/447396/frontend-developer-vuejs-m-w-d-peek-cloppenburg-kg
"Senior Software Engineer - Go, Vue.js, Machine Learning",Ezoic,"Carlsbad, CA",https://stackoverflow.com/jobs/427866/senior-software-engineer-go-vuejs-machine-ezoic
Fullstack Developer Laravel / Vue,AirLST GmbH,"München, Deutschland",https://stackoverflow.com/jobs/261736/fullstack-developer-laravel-vue-airlst-gmbh
Senior Front-end Developer (Vue.js) - Remote,Insider,No office location,https://stackoverflow.com/jobs/456300/senior-front-end-developer-vuejs-remote-insider
Senior Vue.js Developer Who Is Devoted To Clean Code,Digital Masterplanning,"Chicago, IL",https://stackoverflow.com/jobs/484660/senior-vuejs-developer-who-is-devoted-to-clean-digital-masterplanning
"Software Developer II - Full Stack Java Developer - node.js, vue.js, Java",Lumen,"Town and Country, MO",https://stackoverflow.com/jobs/497616/software-developer-ii-full-stack-java-developer-lumen
"Full Stack Engineer - Junior to Senior - Vue.js, Go",Ezoic,"Carlsbad, CA",https://stackoverflow.com/jobs/427867/full-stack-engineer-junior-to-senior-vuejs-ezoic
Front End Developer,YouGov,No office location,https://stackoverflow.com/jobs/469751/front-end-developer-yougov
"Senior Software Engineer - Angular, React, Vue, etc. (online comparison portal)",Verivox GmbH,"Heidelberg, Germany",https://stackoverflow.com/jobs/485038/senior-software-engineer-angular-react-vue-verivox-gmbh
Mid Senior VueJS Frontend dev (remote friendly),Cycloid,"Paris, France",https://stackoverflow.com/jobs/457234/mid-senior-vuejs-frontend-dev-remote-friendly-cycloid
Lead Frontend Developer / Vue.js (m/f/x),refurbed,No office location,https://stackoverflow.com/jobs/483470/lead-frontend-developer-vuejs-m-f-x-refurbed
Senior Vue.js Frontend Developer (m/f/x),refurbed,No office location,https://stackoverflow.com/jobs/424273/senior-vuejs-frontend-developer-m-f-x-refurbed
Web-Entwickler/in Vue.js (w/m/d),Synergeticon GmbH,"Hamburg, Deutschland",https://stackoverflow.com/jobs/487622/web-entwickler-in-vuejs-w-m-d-synergeticon-gmbh
"Magento Developer (GraphQL, VueJS, Laravel) Office or Remote",Limesharp,"Auckland, New Zealand",https://stackoverflow.com/jobs/462636/magento-developer-graphql-vuejs-laravel-limesharp
Full Stack Developer (PHP | CakePHP | Laravel | Javascript | Vue | HTML5 | SASS),continued,No office location,https://stackoverflow.com/jobs/481747/full-stack-developer-php-cakephp-laravel-continued
"Backend Developer PHP (m/w/d) in Leipzig, Halle (Saale) oder Dresden",Relaxdays GmbH,"Leipzig, Deutschland",https://stackoverflow.com/jobs/433896/backend-developer-php-m-w-d-in-leipzig-halle-relaxdays-gmbh
Java Software Engineer,Practichem,No office location,https://stackoverflow.com/jobs/454944/java-software-engineer-practichem
Frontend Developer,AirLST GmbH,"München, Deutschland",https://stackoverflow.com/jobs/304709/frontend-developer-airlst-gmbh
"Backend Developer C# (w/m/d) in Leipzig, Halle (Saale) oder Dresden",Relaxdays GmbH,"Leipzig, Deutschland",https://stackoverflow.com/jobs/433895/backend-developer-c-sharp-w-m-d-in-leipzig-halle-relaxdays-gmbh
Salesforce Apex Developer,LeadIQ,Singapore,https://stackoverflow.com/jobs/422622/salesforce-apex-developer-leadiq
"Frontend Developer (m/w/d) in Leipzig, Halle (Saale) oder Dresden",Relaxdays GmbH,"Leipzig, Deutschland",https://stackoverflow.com/jobs/433898/frontend-developer-m-w-d-in-leipzig-halle-relaxdays-gmbh
Project Manager,LeadIQ,Singapore,https://stackoverflow.com/jobs/422625/project-manager-leadiq
Data Engineer - Python,Sytac IT Consulting,"Amsterdam, Netherlands",https://stackoverflow.com/jobs/477308/data-engineer-python-sytac-it-consulting
"Architect (Node, React) - Remote Global and US",Modus Create,No office location,https://stackoverflow.com/jobs/471618/architect-node-react-remote-global-and-us-modus-create
Senior Full Stack Engineer - AI Team,LanguageWire,"Valencia, Spain",https://stackoverflow.com/jobs/496044/senior-full-stack-engineer-ai-team-languagewire
Senior Front-end / JS Developer (Remote),iubenda,"Milan, Italy",https://stackoverflow.com/jobs/464814/senior-front-end-js-developer-remote-iubenda
Senior Front-End Developer (m/f/d) - for legal tech startup in Munich,DataGuard,"München, Deutschland",https://stackoverflow.com/jobs/281206/senior-front-end-developer-m-f-d-for-legal-dataguard
Full Stack Javascript Software Engineer,SDVI,No office location,https://stackoverflow.com/jobs/254207/full-stack-javascript-software-engineer-sdvi
"Frontend Software Engineer. Evangelist. Enthusiast (Java Script, HTML5) (m/f/x)",financial.com AG,"München, Deutschland",https://stackoverflow.com/jobs/285784/frontend-software-engineer-evangelist-financialcom-ag
Senior Front-End Developer (m/f/d) - for legal tech startup in Berlin,DataGuard,"Berlin, Deutschland",https://stackoverflow.com/jobs/463805/senior-front-end-developer-m-f-d-for-legal-dataguard
Front-end Developer for Soho Digital Agency,Tui Media,"London, UK",https://stackoverflow.com/jobs/484647/front-end-developer-for-soho-digital-agency-tui-media
Full-stack Javascript Developer (React.js/Node.js),Imaginary Cloud,"Lisbon, Portugal",https://stackoverflow.com/jobs/497066/full-stack-javascript-developer-reactjs-nodejs-imaginary-cloud
Front End/ Back End Software Developer,Supplycart Technologies Sdn Bhd,No office location,https://stackoverflow.com/jobs/430217/front-end-back-end-software-developer-supplycart-technologies-sdn
Frontend Developer,ABOUT YOU GmbH,"Hamburg, Deutschland",https://stackoverflow.com/jobs/304349/frontend-developer-about-you-gmbh
Web Frontend Developer with an eye for professional user experience (m/f/d),Ergosign,"Saarbrücken, Deutschland",https://stackoverflow.com/jobs/456766/web-frontend-developer-with-an-eye-for-ergosign
"Frontend / Web Software Developer (m,f,d)",Synfioo GmbH,"Potsdam, Germany",https://stackoverflow.com/jobs/485979/frontend-web-software-developer-m-f-d-synfioo-gmbh
PHP Entwickler (Backend oder Full Stack)(m/w/d),WunschGutschein,"Düsseldorf, Deutschland",https://stackoverflow.com/jobs/365530/php-entwickler-backend-oder-full-stack-m-w-d-wunschgutschein
Front End Developer,YouGov,No office location,https://stackoverflow.com/jobs/469751/front-end-developer-yougov
Software Architect / Code Reviewer / Mentor - Part-time,Arcanys,No office location,https://stackoverflow.com/jobs/485542/software-architect-code-reviewer-mentor-arcanys
Senior Frontend Developer,Parkside,"Graz, Österreich",https://stackoverflow.com/jobs/466270/senior-frontend-developer-parkside
Backend Developer,Sofía,"Mexico City, Mexico",https://stackoverflow.com/jobs/255373/backend-developer-sof%C3%ADa
Front-end Engineer【Full-Remote work in Japan】,PayPay Corporation.,"Minato City, Japan",https://stackoverflow.com/jobs/292635/front-end-engineer-full-remote-work-in-japan-paypay-corporation
(Senior) Frontend Engineer (m/f/d),Lendico Deutschland GmbH,"Berlin, Deutschland",https://stackoverflow.com/jobs/489586/senior-frontend-engineer-m-f-d-lendico-deutschland-gmbh
Software Architect,Imaginary Cloud,"Lisbon, Portugal",https://stackoverflow.com/jobs/497575/software-architect-imaginary-cloud
Full Stack Software Developer - Java (all genders) Full-/Part-time,Accenture DACH,"Zürich, Switzerland",https://stackoverflow.com/jobs/391300/full-stack-software-developer-java-all-accenture-dach
Full-Stack Web Developer Java,WPS Management GmbH,"Paderborn, Deutschland",https://stackoverflow.com/jobs/125395/full-stack-web-developer-java-wps-management-gmbh
Frontend Web Developer (m/w/d),EyeC GmbH,"Hamburg, Deutschland",https://stackoverflow.com/jobs/408135/frontend-web-developer-m-w-d-eyec-gmbh
Full Stack Developer (f/m/x) for Social Fintech Startup in Hamburg,Tomorrow GmbH,"Hamburg, Deutschland",https://stackoverflow.com/jobs/465583/full-stack-developer-f-m-x-for-social-fintech-tomorrow-gmbh
Senior Front-End Engineer,Jibble,No office location,https://stackoverflow.com/jobs/492863/senior-front-end-engineer-jibble
Senior Front-end Engineer,MedExpress Enterprises Ltd,"London, UK",https://stackoverflow.com/jobs/438811/senior-front-end-engineer-medexpress-enterprises-ltd
Software Developer (gn) JavaScript,4Com GmbH & Co. KG,"Hamm, Deutschland",https://stackoverflow.com/jobs/466451/software-developer-gn-javascript-4com-gmbh-co-kg
Full Stack Software Engineer,Captivation Software,"Fort Meade, MD",https://stackoverflow.com/jobs/449508/full-stack-software-engineer-captivation-software
Frontend Developer,"Frotcom International, S.A.","Carnaxide, Portugal",https://stackoverflow.com/jobs/441402/frontend-developer-frotcom-international-sa
Web Frontend Developer with an eye for professional user experience (m/f/d),Ergosign,"Hamburg, Deutschland",https://stackoverflow.com/jobs/456764/web-frontend-developer-with-an-eye-for-ergosign
Java Entwickler (m/w/d),MT AG - enabling the adaptive enterprise,"Ratingen, Deutschland",https://stackoverflow.com/jobs/338095/java-entwickler-m-w-d-mt-ag-enabling-the-adaptive
Full Stack Senior/Mid-Level Software Engineer,Legna Software,"Winston-Salem, NC",https://stackoverflow.com/jobs/482933/full-stack-senior-mid-level-software-engineer-legna-software
UI Engineer,ActiveProspect,"Austin, TX",https://stackoverflow.com/jobs/496599/ui-engineer-activeprospect
Front End/ Back End Software Developer,Supplycart Technologies Sdn Bhd,No office location,https://stackoverflow.com/jobs/430217/front-end-back-end-software-developer-supplycart-technologies-sdn
Full Stack Software Developer - Java (all genders) Full-/Part-time,Accenture DACH,"Zürich, Switzerland",https://stackoverflow.com/jobs/391300/full-stack-software-developer-java-all-accenture-dach
Join us in our Sustainable Energy revolution as a Senior backend developer,The Sustainables BV,"Amsterdam, Netherlands",https://stackoverflow.com/jobs/457962/join-us-in-our-sustainable-energy-revolution-as-a-the-sustainables-bv
Senior Software Engineer,Wyzant,"Chicago, IL",https://stackoverflow.com/jobs/484644/senior-software-engineer-wyzant
Fullstack Software Developer (Java/JavaScript) (m/w/d),FTAPI Software GmbH,"München, Deutschland",https://stackoverflow.com/jobs/217452/fullstack-software-developer-java-javascript-m-ftapi-software-gmbh
Software Engineer,UpMetrics,No office location,https://stackoverflow.com/jobs/496289/software-engineer-upmetrics
C++ Application Developer,LMAX Group,"London, UK",https://stackoverflow.com/jobs/474110/c-plus-plus-application-developer-lmax-group
Full Stack Senior/Mid-Level Software Engineer,Legna Software,"Winston-Salem, NC",https://stackoverflow.com/jobs/482933/full-stack-senior-mid-level-software-engineer-legna-software
Full Stack Software Engineer (all genders),Zühlke Engineering Austria,"Wien, Austria",https://stackoverflow.com/jobs/454632/full-stack-software-engineer-all-genders-z%C3%BChlke-engineering-austria
Frontend Software Developer (m/f/x) Zeppelin Digital Platform,Zeppelin GmbH,"Garching bei München, Deutschland",https://stackoverflow.com/jobs/474755/frontend-software-developer-m-f-x-zeppelin-zeppelin-gmbh
Fintech - Frontend Developer (m/w/d),Lowell Financial Services GmbH,"Berlin, Deutschland",https://stackoverflow.com/jobs/485486/fintech-frontend-developer-m-w-d-lowell-financial-services-gmbh
Frontend Entwickler (w/m/d),brandung GmbH & Co. KG,"Köln, Deutschland",https://stackoverflow.com/jobs/252522/frontend-entwickler-w-m-d-brandung-gmbh-co-kg
Senior Backend JS Engineer (Remote),X-Team,No office location,https://stackoverflow.com/jobs/489602/senior-backend-js-engineer-remote-x-team
JavaScript Engineer for our ecommerce storefront  (f/m/d),ePages GmbH,"Hamburg, Germany",https://stackoverflow.com/jobs/123431/javascript-engineer-for-our-ecommerce-storefront-epages-gmbh
Mid-Level Back End .NET Core & PostgreSQL Engineer,FinDox Inc.,No office location,https://stackoverflow.com/jobs/494606/mid-level-back-end-net-core-postgresql-engineer-findox-inc
Senior Front-end Engineer,MedExpress Enterprises Ltd,"London, UK",https://stackoverflow.com/jobs/438811/senior-front-end-engineer-medexpress-enterprises-ltd
Front End Web Designer,LINQ,No office location,https://stackoverflow.com/jobs/497631/front-end-web-designer-linq
"Senior Software Engineer, Frontend",PreVeil,"Boston, MA",https://stackoverflow.com/jobs/481729/senior-software-engineer-frontend-preveil
Fullstack Entwickler (m/w/d) C#,Meierhofer AG,"Leipzig, Deutschland",https://stackoverflow.com/jobs/497038/fullstack-entwickler-m-w-d-c-sharp-meierhofer-ag
PHP Developer (w/*/m),queo GmbH,"Dresden, Deutschland",https://stackoverflow.com/jobs/399160/php-developer-w-m-queo-gmbh
SENIOR RUBY DEVELOPER / BACKEND (W/F/D),metoda GmbH,"München, Germany",https://stackoverflow.com/jobs/486206/senior-ruby-developer-backend-w-f-d-metoda-gmbh
Java Entwickler (m/w/d),MT AG - enabling the adaptive enterprise,"Ratingen, Deutschland",https://stackoverflow.com/jobs/338095/java-entwickler-m-w-d-mt-ag-enabling-the-adaptive
Frontend Developer (w/*/m),queo GmbH,"Dresden, Deutschland",https://stackoverflow.com/jobs/482918/frontend-developer-w-m-queo-gmbh
Web-Entwickler/Developer Front- und Backend für den Bereich Marketing (m/w/d),IServ GmbH,"Braunschweig, Deutschland",https://stackoverflow.com/jobs/482120/web-entwickler-developer-front-und-backend-f%C3%BCr-iserv-gmbh
Full Stack Developer,Science Suite Inc. (BioRender),"Toronto, ON, Canada",https://stackoverflow.com/jobs/482084/full-stack-developer-science-suite-inc-biorender
JavaScript Engineer for our ecommerce storefront  (f/m/d),ePages GmbH,"Hamburg, Germany",https://stackoverflow.com/jobs/123431/javascript-engineer-for-our-ecommerce-storefront-epages-gmbh
Software Engineer,UpMetrics,No office location,https://stackoverflow.com/jobs/496289/software-engineer-upmetrics
"Software Engineer (Remote Only, US)",Osso VR,No office location,https://stackoverflow.com/jobs/462304/software-engineer-remote-only-us-osso-vr
Senior Backend Engineer - Piñata Farms (Los Angeles),Unusual Ventures,"Los Angeles, CA",https://stackoverflow.com/jobs/490533/senior-backend-engineer-pi%C3%B1ata-farms-los-unusual-ventures
Join us in our Sustainable Energy revolution as a Senior backend developer,The Sustainables BV,"Amsterdam, Netherlands",https://stackoverflow.com/jobs/457962/join-us-in-our-sustainable-energy-revolution-as-a-the-sustainables-bv
Full Stack Software Engineer (all genders),Zühlke Engineering Austria,"Wien, Austria",https://stackoverflow.com/jobs/454632/full-stack-software-engineer-all-genders-z%C3%BChlke-engineering-austria
Front End .Net Developer,Mastercard,"Tel Aviv-Yafo, Israel",https://stackoverflow.com/jobs/465575/front-end-net-developer-mastercard
Senior Software Engineer,Wyzant,"Chicago, IL",https://stackoverflow.com/jobs/484644/senior-software-engineer-wyzant
*REMOTE* Senior Kotlin (Java) Backend Engineer (m/w/d) TVNOW Streaming Plattform,"AVANTGARDE - ""Creating Fans""",No office location,https://stackoverflow.com/jobs/468935/remote-senior-kotlin-java-backend-engineer-m-avantgarde-creating-fans
C++ Application Developer,LMAX Group,"London, UK",https://stackoverflow.com/jobs/474110/c-plus-plus-application-developer-lmax-group
Fullstack Software Developer (Java/JavaScript) (m/w/d),FTAPI Software GmbH,"München, Deutschland",https://stackoverflow.com/jobs/217452/fullstack-software-developer-java-javascript-m-ftapi-software-gmbh
Frontend Entwickler (w/m/d),brandung GmbH & Co. KG,"Köln, Deutschland",https://stackoverflow.com/jobs/252522/frontend-entwickler-w-m-d-brandung-gmbh-co-kg
Software Engineer (Frontend),Fei Siong Food Management Pte. Ltd.,Singapore,https://stackoverflow.com/jobs/422615/software-engineer-frontend-fei-siong-food-management
Senior JavaScript Developer,Särmä Digital Oy,No office location,https://stackoverflow.com/jobs/330722/senior-javascript-developer-s%C3%A4rm%C3%A4-digital-oy
"Awesome Full-Stack Software Engineer - Java, Python, JavaScript (Fully Cleared)",Erias Ventures,"Annapolis Junction, MD",https://stackoverflow.com/jobs/432032/awesome-full-stack-software-engineer-java-erias-ventures
FRONTEND-ENTWICKLER (M/W/D),wyn,"Hamburg, Deutschland",https://stackoverflow.com/jobs/481513/frontend-entwickler-m-w-d-wyn
Full Stack Web Developer,Bloomreach,"Amsterdam, Netherlands",https://stackoverflow.com/jobs/487279/full-stack-web-developer-bloomreach
Core-team Full Stack Software Engineer (f/m/d),ArcaScience,"Paris, France",https://stackoverflow.com/jobs/496582/core-team-full-stack-software-engineer-f-m-d-arcascience
Frontend Engineer,funda,"Amsterdam, Netherlands",https://stackoverflow.com/jobs/492918/frontend-engineer-funda
Fullstack Entwickler (m/w/d) C#,Meierhofer AG,"Leipzig, Deutschland",https://stackoverflow.com/jobs/497038/fullstack-entwickler-m-w-d-c-sharp-meierhofer-ag
Front End Web Designer,LINQ,No office location,https://stackoverflow.com/jobs/497631/front-end-web-designer-linq
Frontend-Developer (m/f/d),TOPdesk,"Kaiserslautern, Deutschland",https://stackoverflow.com/jobs/465950/frontend-developer-m-f-d-topdesk
Software Engineer Frontend - backen.de,Oetker Digital GmbH,"Berlin, Deutschland",https://stackoverflow.com/jobs/485305/software-engineer-frontend-backende-oetker-digital-gmbh
Senior Software Engineer,uShip,"Austin, TX",https://stackoverflow.com/jobs/451415/senior-software-engineer-uship
SENIOR RUBY DEVELOPER / BACKEND (W/F/D),metoda GmbH,"München, Germany",https://stackoverflow.com/jobs/486206/senior-ruby-developer-backend-w-f-d-metoda-gmbh
Frontend Developer (m/f/d),WPS Management GmbH,"Paderborn, Deutschland",https://stackoverflow.com/jobs/293572/frontend-developer-m-f-d-wps-management-gmbh
Software Engineer,Intruder,"London, UK",https://stackoverflow.com/jobs/492581/software-engineer-intruder
Senior JavaScript Developer,Särmä Digital Oy,No office location,https://stackoverflow.com/jobs/330722/senior-javascript-developer-s%C3%A4rm%C3%A4-digital-oy
"Awesome Full-Stack Software Engineer - Java, Python, JavaScript (Fully Cleared)",Erias Ventures,"Annapolis Junction, MD",https://stackoverflow.com/jobs/432032/awesome-full-stack-software-engineer-java-erias-ventures
Frontend Engineer - Working Student (m/f/d),Motius GmbH,"München, Deutschland",https://stackoverflow.com/jobs/456519/frontend-engineer-working-student-m-f-d-motius-gmbh
Full Stack Web Developer,Bloomreach,"Amsterdam, Netherlands",https://stackoverflow.com/jobs/487279/full-stack-web-developer-bloomreach
"Senior Frontend Software Engineer -- East Bay, Austin, U.S. Remote",Underline,No office location,https://stackoverflow.com/jobs/423274/senior-frontend-software-engineer-east-bay-underline
Backend Engineer - Working Student (m/f/d),Motius GmbH,"München, Deutschland",https://stackoverflow.com/jobs/456520/backend-engineer-working-student-m-f-d-motius-gmbh
Frontend Engineer,funda,"Amsterdam, Netherlands",https://stackoverflow.com/jobs/492918/frontend-engineer-funda
Full Stack Web Developer (m/w/d),EyeC GmbH,"Hamburg, Deutschland",https://stackoverflow.com/jobs/408137/full-stack-web-developer-m-w-d-eyec-gmbh
DevOps Engineer,Imaginary Cloud,"Lisbon, Portugal",https://stackoverflow.com/jobs/497568/devops-engineer-imaginary-cloud
Software Development Engineer in Test,SDVI,No office location,https://stackoverflow.com/jobs/219487/software-development-engineer-in-test-sdvi
Software Engineer Frontend - backen.de,Oetker Digital GmbH,"Berlin, Deutschland",https://stackoverflow.com/jobs/485305/software-engineer-frontend-backende-oetker-digital-gmbh
Senior Software Engineer,uShip,"Austin, TX",https://stackoverflow.com/jobs/451415/senior-software-engineer-uship
Frontend Developer,Swisscom (Schweiz) AG,"Zürich, Schweiz",https://stackoverflow.com/jobs/482379/frontend-developer-swisscom-schweiz-ag
Full Stack Engineer,"WorkLLama, LLC","Alpharetta, GA",https://stackoverflow.com/jobs/489630/full-stack-engineer-workllama-llc
Frontend Developer,Ultra Tendency,"Berlin, Germany",https://stackoverflow.com/jobs/365587/frontend-developer-ultra-tendency
Softwareentwickler (m/w/d),Bentomax GmbH,"Kiel, Deutschland",https://stackoverflow.com/jobs/477600/softwareentwickler-m-w-d-bentomax-gmbh
Senior Backend Engineer - Piñata Farms (Los Angeles),Unusual Ventures,"Los Angeles, CA",https://stackoverflow.com/jobs/490533/senior-backend-engineer-pi%C3%B1ata-farms-los-unusual-ventures
Front-End Software Engineer,HENNGE K.K.,"Tokyo, Japan",https://stackoverflow.com/jobs/381280/front-end-software-engineer-hennge-kk
Frontend-Developer (m/f/d),TOPdesk,"Kaiserslautern, Deutschland",https://stackoverflow.com/jobs/465950/frontend-developer-m-f-d-topdesk
"Software Engineer (Remote Only, US)",Osso VR,No office location,https://stackoverflow.com/jobs/462304/software-engineer-remote-only-us-osso-vr
Front End .Net Developer,Mastercard,"Tel Aviv-Yafo, Israel",https://stackoverflow.com/jobs/465575/front-end-net-developer-mastercard
Frontend Web Developer,T-Bone Productions,"Sydney, Australia",https://stackoverflow.com/jobs/147675/frontend-web-developer-t-bone-productions
Support Engineer,SDVI,No office location,https://stackoverflow.com/jobs/492303/support-engineer-sdvi
Software Development Engineer in Test,SDVI,No office location,https://stackoverflow.com/jobs/219487/software-development-engineer-in-test-sdvi
Full Stack Programmer,Springs Charter Schools,"Temecula, CA",https://stackoverflow.com/jobs/458648/full-stack-programmer-springs-charter-schools
Backend Engineer - Working Student (m/f/d),Motius GmbH,"München, Deutschland",https://stackoverflow.com/jobs/456520/backend-engineer-working-student-m-f-d-motius-gmbh
DevOps Engineer,Imaginary Cloud,"Lisbon, Portugal",https://stackoverflow.com/jobs/497568/devops-engineer-imaginary-cloud
Full Stack Web Developer (m/w/d),EyeC GmbH,"Hamburg, Deutschland",https://stackoverflow.com/jobs/408137/full-stack-web-developer-m-w-d-eyec-gmbh
Front End Software Engineer,Buxton,No office location,https://stackoverflow.com/jobs/492568/front-end-software-engineer-buxton
Full Stack Developer,OpsTalent,"Wrocław, Poland",https://stackoverflow.com/jobs/463551/full-stack-developer-opstalent
Full Stack Engineer - Intermediate ( Remote ),New Context Services,No office location,https://stackoverflow.com/jobs/473488/full-stack-engineer-intermediate-remote-new-context-services
Frontend-/ UI-Entwickler (w/m/d),INFORM - Institut für Operations Research und Management GmbH,"Aachen, Deutschland",https://stackoverflow.com/jobs/458152/frontend-ui-entwickler-w-m-d-inform-institut-f%C3%BCr
Frontend Developer (m/w/d),EWERK Group,"Leipzig, Deutschland",https://stackoverflow.com/jobs/490097/frontend-developer-m-w-d-ewerk-group
JavaScript/Full Stack Engineer,Ocelot,No office location,https://stackoverflow.com/jobs/485977/javascript-full-stack-engineer-ocelot
Full Stack Developer (SNPS) - Build platforms at national scale,Government Technology Agency of Singapore,Singapore,https://stackoverflow.com/jobs/409515/full-stack-developer-snps-build-platforms-at-government-technology-agency
DevSecOps Engineer,BrainGu,"Fayetteville, NC",https://stackoverflow.com/jobs/423179/devsecops-engineer-braingu
Full stack developer,Online Partner AB,"Hägersten, Sweden",https://stackoverflow.com/jobs/339146/full-stack-developer-online-partner-ab
Senior Software Engineer - Front End,Keap,No office location,https://stackoverflow.com/jobs/492300/senior-software-engineer-front-end-keap
Lead Development Engineer,Mastercard,"Tel Aviv-Yafo, Israel",https://stackoverflow.com/jobs/465579/lead-development-engineer-mastercard
Front-End Developer | Junior Consultant,Accenture Italy,No office location,https://stackoverflow.com/jobs/456302/front-end-developer-junior-consultant-accenture-italy
Framtunga utvecklare till Cygni,Cygni,"Stockholm, Sweden",https://stackoverflow.com/jobs/447407/framtunga-utvecklare-till-cygni-cygni
Software Developer - Innovation team,"JPMorgan Chase Bank, N.A.","Herzliya, Israel",https://stackoverflow.com/jobs/495195/software-developer-innovation-team-jpmorgan-chase-bank-na
Senior Software Engineer,Higher Logic,No office location,https://stackoverflow.com/jobs/484657/senior-software-engineer-higher-logic
(Senior) Web/Mobile Developer (m/w/d),Lotum GmbH,"Frankfurt am Main, Deutschland",https://stackoverflow.com/jobs/372988/senior-web-mobile-developer-m-w-d-lotum-gmbh
Frontend Developer,Swisscom (Schweiz) AG,"Zürich, Schweiz",https://stackoverflow.com/jobs/482379/frontend-developer-swisscom-schweiz-ag
Front-End Software Engineer,HENNGE K.K.,"Tokyo, Japan",https://stackoverflow.com/jobs/381280/front-end-software-engineer-hennge-kk
Senior Frontend Engineer (m/w/x) - remote possible,Jimdo,"Hamburg, Germany",https://stackoverflow.com/jobs/460639/senior-frontend-engineer-m-w-x-remote-possible-jimdo
.Net Software Developer,eDerm Systems,"Boca Raton, FL",https://stackoverflow.com/jobs/357993/net-software-developer-ederm-systems
"Lead Polyglot Software Engineers – TDD, XP, JavaScript",Pragmateam,"Sydney, Australia",https://stackoverflow.com/jobs/485294/lead-polyglot-software-engineers-tdd-xp-pragmateam
Senior Full Stack Engineer,Audacia Group,No office location,https://stackoverflow.com/jobs/492317/senior-full-stack-engineer-audacia-group
Back-End Developer - Python,Imaginary Cloud,"Lisbon, Portugal",https://stackoverflow.com/jobs/496581/back-end-developer-python-imaginary-cloud
Senior Software Developer/Tech Lead -Innovation team,JP Morgan Chase,"Herzliya, Israel",https://stackoverflow.com/jobs/496019/senior-software-developer-tech-lead-innovation-jp-morgan-chase
Front-End Developer,Jumbo Supermarkets,"Veghel, Netherlands",https://stackoverflow.com/jobs/468925/front-end-developer-jumbo-supermarkets
Senior Software Engineer (Engineer III),Oregon Beverage Recycling Cooperative (OBRC),"Damascus, OR",https://stackoverflow.com/jobs/487838/senior-software-engineer-engineer-iii-oregon-beverage-recycling
(Senior) Fullstack Developer (m/w/d),tarent solutions GmbH,"Bonn, Deutschland",https://stackoverflow.com/jobs/494511/senior-fullstack-developer-m-w-d-tarent-solutions-gmbh
Full Stack Developer,OpsTalent,"Wrocław, Poland",https://stackoverflow.com/jobs/463551/full-stack-developer-opstalent
.Net Full Stack developer (m/w/d),EyeC GmbH,"Hamburg, Deutschland",https://stackoverflow.com/jobs/408138/net-full-stack-developer-m-w-d-eyec-gmbh
Webentwickler im Inhouse Marketing (m/w/d),JULABO GmbH,"Seelbach, Deutschland",https://stackoverflow.com/jobs/472007/webentwickler-im-inhouse-marketing-m-w-d-julabo-gmbh
Frontend-/ UI-Entwickler (w/m/d),INFORM - Institut für Operations Research und Management GmbH,"Aachen, Deutschland",https://stackoverflow.com/jobs/458152/frontend-ui-entwickler-w-m-d-inform-institut-f%C3%BCr
Frontend Developer (m/w/d),EWERK Group,"Leipzig, Deutschland",https://stackoverflow.com/jobs/490097/frontend-developer-m-w-d-ewerk-group
Full Stack Programmer,Springs Charter Schools,"Temecula, CA",https://stackoverflow.com/jobs/458648/full-stack-programmer-springs-charter-schools
Senior Software Engineer - Front End,Keap,No office location,https://stackoverflow.com/jobs/492300/senior-software-engineer-front-end-keap
Full Stack Developer (m/w/d),Reply,"Düsseldorf, Deutschland",https://stackoverflow.com/jobs/482935/full-stack-developer-m-w-d-reply
Senior Web Developer Frontend (w/m/x),Avenga Germany GmbH,"Berlin, Deutschland",https://stackoverflow.com/jobs/455228/senior-web-developer-frontend-w-m-x-avenga-germany-gmbh
Software Engineer - SDVI DevOps,SDVI,No office location,https://stackoverflow.com/jobs/451626/software-engineer-sdvi-devops-sdvi
Head of Engineering - Remote,Black Spectacles,"Chicago, IL",https://stackoverflow.com/jobs/488075/head-of-engineering-remote-black-spectacles
Senior Full Stack Engineer (Remote),Riderflex,"Walnut, CA",https://stackoverflow.com/jobs/497594/senior-full-stack-engineer-remote-riderflex
Experienced Rails Engineer to Simplify Life Insurance,BackNine Insurance,No office location,https://stackoverflow.com/jobs/495701/experienced-rails-engineer-to-simplify-life-backnine-insurance
Software Engineer,Atomic Robot,"Mason, OH",https://stackoverflow.com/jobs/488052/software-engineer-atomic-robot
Sr. Software Engineer - Ruby - Telehealth / Telemedicine,VisuWell,"Nashville, TN",https://stackoverflow.com/jobs/487286/sr-software-engineer-ruby-telehealth-visuwell
JavaScript/Full Stack Engineer,Ocelot,No office location,https://stackoverflow.com/jobs/485977/javascript-full-stack-engineer-ocelot
Intermediate Backend and Infrastructure Engineer,Plotly Technologies Inc,No office location,https://stackoverflow.com/jobs/491944/intermediate-backend-and-infrastructure-engineer-plotly-technologies-inc
Software Engineering,"JPMorgan Chase Bank, N.A.","Houston, TX",https://stackoverflow.com/jobs/497047/software-engineering-jpmorgan-chase-bank-na
Software Engineering,"JPMorgan Chase Bank, N.A.","Houston, TX",https://stackoverflow.com/jobs/497047/software-engineering-jpmorgan-chase-bank-na
"Software Engineer, Frontend",Mastt Australia Pty Ltd,"Sydney, Australia",https://stackoverflow.com/jobs/467686/software-engineer-frontend-mastt-australia-pty-ltd
Full Stack Developer Mobile Gaming (m/w/d),Lotum GmbH,"Bad Nauheim, Deutschland",https://stackoverflow.com/jobs/372990/full-stack-developer-mobile-gaming-m-w-d-lotum-gmbh
Frontend Web Developer,T-Bone Productions,"Sydney, Australia",https://stackoverflow.com/jobs/147675/frontend-web-developer-t-bone-productions
Senior Software Engineer,Enovational,"Washington, DC",https://stackoverflow.com/jobs/420640/senior-software-engineer-enovational
Support Engineer,SDVI,No office location,https://stackoverflow.com/jobs/492303/support-engineer-sdvi
Webfejlesztő,UNIQA Raiffeisen Software Service Kft.,"Budapest, Ungarn",https://stackoverflow.com/jobs/374734/webfejleszt%C5%91-uniqa-raiffeisen-software
Frontend/Mobile Developer (m/w/d),CtrlMovie AG,"Stuttgart, Deutschland",https://stackoverflow.com/jobs/380076/frontend-mobile-developer-m-w-d-ctrlmovie-ag
Senior Software Engineer,Patch.com,"New York, NY",https://stackoverflow.com/jobs/394309/senior-software-engineer-patchcom
Fullstack Developer (f/m/d) (based in Germany),LILLYDOO GmbH,"Frankfurt am Main, Germany",https://stackoverflow.com/jobs/487070/fullstack-developer-f-m-d-based-in-germany-lillydoo-gmbh
Senior Web Developer Frontend (w/m/x),Avenga Germany GmbH,"Berlin, Deutschland",https://stackoverflow.com/jobs/455228/senior-web-developer-frontend-w-m-x-avenga-germany-gmbh
Front-End Engineer,1plusX AG,"Zürich, Switzerland",https://stackoverflow.com/jobs/343089/front-end-engineer-1plusx-ag
Software Entwickler Java (w/m/x),RegioHelden GmbH,"Köln, Deutschland",https://stackoverflow.com/jobs/450821/software-entwickler-java-w-m-x-regiohelden-gmbh
Front-End Software Engineer,Mimacom,"Zürich, Switzerland",https://stackoverflow.com/jobs/412730/front-end-software-engineer-mimacom
FinTech Developer,Arative Technologies,No office location,https://stackoverflow.com/jobs/493274/fintech-developer-arative-technologies
Experienced Rails Engineer to Simplify Life Insurance,BackNine Insurance,No office location,https://stackoverflow.com/jobs/495701/experienced-rails-engineer-to-simplify-life-backnine-insurance
Web-Entwickler/Developer (m/w/d),IServ GmbH,"Braunschweig, Deutschland",https://stackoverflow.com/jobs/408160/web-entwickler-developer-m-w-d-iserv-gmbh
Full Stack Engineer at Sellpy,Sellpy,"Stockholm, Sweden",https://stackoverflow.com/jobs/456515/full-stack-engineer-at-sellpy-sellpy
Experienced Java Web Developer,Cloudflight GmbH,"Amsterdam, Netherlands",https://stackoverflow.com/jobs/466824/experienced-java-web-developer-cloudflight-gmbh
Frontend-Entwickler (m/w/d),onOffice GmbH,"Aachen, Deutschland",https://stackoverflow.com/jobs/430751/frontend-entwickler-m-w-d-onoffice-gmbh
Senior Full Stack Web Developer,"Art & Logic, Inc.",No office location,https://stackoverflow.com/jobs/370918/senior-full-stack-web-developer-art-logic-inc
"Dev web fullstack C# (Asp.net, Typescript) haut niveau, dans le médical",Deeplink Medical,"Lyon, France",https://stackoverflow.com/jobs/362130/dev-web-fullstack-c-sharp-aspnet-typescript-haut-deeplink-medical
Senior Software Engineer (Engineer III),Oregon Beverage Recycling Cooperative (OBRC),"Damascus, OR",https://stackoverflow.com/jobs/487838/senior-software-engineer-engineer-iii-oregon-beverage-recycling
Senior Software Engineer Frontend React,"Chewy, Inc.","Seattle, WA",https://stackoverflow.com/jobs/475346/senior-software-engineer-frontend-react-chewy-inc
Senior Frontend Developer (m/w/d),Neofonie,"Berlin, Deutschland",https://stackoverflow.com/jobs/399676/senior-frontend-developer-m-w-d-neofonie
Senior Backend Engineer (Python/Django),Financial Technology Partners,"San Francisco, CA",https://stackoverflow.com/jobs/446918/senior-backend-engineer-python-django-financial-technology-partners
Solution Architect,Enovational,"Washington, DC",https://stackoverflow.com/jobs/420637/solution-architect-enovational
Frontend Developer (m/w/d),Geutebrück GmbH,"Bonn, Deutschland",https://stackoverflow.com/jobs/492924/frontend-developer-m-w-d-geutebr%C3%BCck-gmbh
Head of Engineering - Remote,Black Spectacles,"Chicago, IL",https://stackoverflow.com/jobs/488075/head-of-engineering-remote-black-spectacles
Python Backend Engineer,3D Hubs,"Amsterdam, Netherlands",https://stackoverflow.com/jobs/495984/python-backend-engineer-3d-hubs
Senior Machine Learning Engineer,Blackshark.ai GmbH,"Graz, Austria",https://stackoverflow.com/jobs/474473/senior-machine-learning-engineer-blacksharkai-gmbh
Junior to Mid ATM Java Software Engineer,"JPMorgan Chase Bank, N.A.","Westerville, OH",https://stackoverflow.com/jobs/495492/junior-to-mid-atm-java-software-engineer-jpmorgan-chase-bank-na
Front-End Developer with Wordpress Expertise,"Duckpin Design, LLC.","Towson, MD",https://stackoverflow.com/jobs/468074/front-end-developer-with-wordpress-expertise-duckpin-design-llc
Prototype Engineer - R7844,"Chewy, Inc.","Dania Beach, FL",https://stackoverflow.com/jobs/485580/prototype-engineer-r7844-chewy-inc
Senior Fullstack Developer - Java / Kotlin / Javascript,teckro,"Dublin 2, Ireland",https://stackoverflow.com/jobs/401733/senior-fullstack-developer-java-kotlin-teckro
Teamleiter / Senior Java Entwickler (m/w),UNIQA Raiffeisen Software Service Kft.,"Budapest, Ungarn",https://stackoverflow.com/jobs/391306/teamleiter-senior-java-entwickler-m-w-uniqa-raiffeisen-software
Full Stack PHP Developer,DkR,"Lomazzo, Italy",https://stackoverflow.com/jobs/396797/full-stack-php-developer-dkr
"Software Engineer – Senior (C#, Azure)",LifeVantage Corporation,"Lehi, UT",https://stackoverflow.com/jobs/494836/software-engineer-senior-c-sharp-azure-lifevantage-corporation
Frontend- / UX/UI-Developer (m/w/d),Just Spices GmbH,"Düsseldorf, Deutschland",https://stackoverflow.com/jobs/428547/frontend-ux-ui-developer-m-w-d-just-spices-gmbh
Full Stack PHP Web Developer,"Outreach, Inc.","Colorado Springs, CO",https://stackoverflow.com/jobs/364886/full-stack-php-web-developer-outreach-inc
Senior Frontend Engineer,causaLens,"London, UK",https://stackoverflow.com/jobs/497624/senior-frontend-engineer-causalens
Senior Software Engineer (Cloud Native),Nexthink,"Boston, MA",https://stackoverflow.com/jobs/469365/senior-software-engineer-cloud-native-nexthink
"Tech Lead, Web Platform - Biotech startup helping dogs!",Embark Veterinary Inc.,"Boston, MA",https://stackoverflow.com/jobs/456831/tech-lead-web-platform-biotech-startup-helping-embark-veterinary-inc
Senior Front-end Engineer,"UrbanFootprint, Inc.","Berkeley, CA",https://stackoverflow.com/jobs/482087/senior-front-end-engineer-urbanfootprint-inc
Softwareentwickler (m/w/d),AM GmbH,"Hamburg, Deutschland",https://stackoverflow.com/jobs/380999/softwareentwickler-m-w-d-am-gmbh
Senior Web-Entwickler / Frontend-Entwickler (m/w/d),umlaut,"Aachen, Deutschland",https://stackoverflow.com/jobs/463912/senior-web-entwickler-frontend-entwickler-m-w-umlaut
Full Stack Engineer,causaLens,"London, UK",https://stackoverflow.com/jobs/468461/full-stack-engineer-causalens
Front End Designer/Developer,L2P Enterprise Ltd,No office location,https://stackoverflow.com/jobs/432527/front-end-designer-developer-l2p-enterprise-ltd
SW-Entwickler C#/.NET und Web-Entwicklung (m/w/d) unseres Produktes Visit.net,ASTRUM IT GmbH,"Erlangen, Deutschland",https://stackoverflow.com/jobs/485931/sw-entwickler-c-sharp-net-und-web-entwicklung-m-w-d-astrum-it-gmbh
Adobe AEM Engineer,BairesDev LLC,"San Francisco, CA",https://stackoverflow.com/jobs/485570/adobe-aem-engineer-bairesdev-llc
Front-end developer to make digital solutions for social challenges,Innovattic,"Delft, Netherlands",https://stackoverflow.com/jobs/130453/front-end-developer-to-make-digital-solutions-for-innovattic
Java Entwickler*in (m/w/d),GFT Deutschland,"Eschborn, Deutschland",https://stackoverflow.com/jobs/393531/java-entwickler-in-m-w-d-gft-deutschland
Senior Full Stack Software Engineer,"System Concepts, Inc.","Scottsdale, AZ",https://stackoverflow.com/jobs/204563/senior-full-stack-software-engineer-system-concepts-inc
Fullstack Applications Developer,Fresh Technology,No office location,https://stackoverflow.com/jobs/488295/fullstack-applications-developer-fresh-technology
Cloud Softwareentwickler für IOT-Produkte,Paessler AG,No office location,https://stackoverflow.com/jobs/412301/cloud-softwareentwickler-f%C3%BCr-iot-produkte-paessler-ag
Softwareentwickler - C# (m/w/d),Hahn Softwareentwicklung,"Maxhütte-Haidhof, Deutschland",https://stackoverflow.com/jobs/338764/softwareentwickler-c-sharp-m-w-d-hahn-softwareentwicklung
Web Developer - Spatial Analyst,Esri,"Redlands, CA",https://stackoverflow.com/jobs/482456/web-developer-spatial-analyst-esri
Software-Developer (m/f/d),TOPdesk,"Kaiserslautern, Deutschland",https://stackoverflow.com/jobs/465952/software-developer-m-f-d-topdesk
Full Stack Developer,,"Vilnius, Lithuania",https://stackoverflow.com/jobs/493222/full-stack-developer-travel-union
Java Developer with a lot of freedom in your job,TOPdesk,"Delft, Netherlands",https://stackoverflow.com/jobs/425992/java-developer-with-a-lot-of-freedom-in-your-job-topdesk
Angular Frontend Developer (m/w/d),T-Systems Multimedia Solutions GmbH,"Leinfelden-Echterdingen, Deutschland",https://stackoverflow.com/jobs/482912/angular-frontend-developer-m-w-d-t-systems-multimedia
C# Developer for Middleware/Integration Platform,Realisable,No office location,https://stackoverflow.com/jobs/492907/c-sharp-developer-for-middleware-integration-platform-realisable
Senior Frontend Software Engineer (Europe),Circle,No office location,https://stackoverflow.com/jobs/496058/senior-frontend-software-engineer-europe-circle
Senior Full Stack Engineer (Remote),Riderflex,"Walnut, CA",https://stackoverflow.com/jobs/497594/senior-full-stack-engineer-remote-riderflex
Software Engineer,Atomic Robot,"Mason, OH",https://stackoverflow.com/jobs/488052/software-engineer-atomic-robot
Senior Front End Developer,KOHO,No office location,https://stackoverflow.com/jobs/459781/senior-front-end-developer-koho
Software Developer - Focused on PHP (f/m/d),CA Customer Alliance GmbH,"Berlin, Germany",https://stackoverflow.com/jobs/423543/software-developer-focused-on-php-f-m-d-ca-customer-alliance-gmbh
Software Developer,Lowers Risk Group LLC,"Purcellville, VA",https://stackoverflow.com/jobs/485583/software-developer-lowers-risk-group-llc
Lead Software Developer (m/f/d),Cluno GmbH,"München, Deutschland",https://stackoverflow.com/jobs/494237/lead-software-developer-m-f-d-cluno-gmbh
Software Engineer - SDVI DevOps,SDVI,No office location,https://stackoverflow.com/jobs/451626/software-engineer-sdvi-devops-sdvi
Sr. Software Engineer - Ruby - Telehealth / Telemedicine,VisuWell,"Nashville, TN",https://stackoverflow.com/jobs/487286/sr-software-engineer-ruby-telehealth-visuwell
Senior Java fejlesztő,UNIQA Raiffeisen Software Service Kft.,"Budapest, Ungarn",https://stackoverflow.com/jobs/373188/senior-java-fejleszt%C5%91-uniqa-raiffeisen-software
Senior Node.js Fullstack Developer (m/f/d) – Focus: Backend,Cluno GmbH,"München, Deutschland",https://stackoverflow.com/jobs/497569/senior-nodejs-fullstack-developer-m-f-d-cluno-gmbh
Senior Front End Developer,Ezra,"Toronto, ON, Canada",https://stackoverflow.com/jobs/442192/senior-front-end-developer-ezra
Team Lead / Senior Nodejs Developer,springbig inc.,"Montreal, QC, Canada",https://stackoverflow.com/jobs/462714/team-lead-senior-nodejs-developer-springbig-inc
"Front End Software Engineer, Payments","JPMorgan Chase Bank, N.A.","Plano, TX",https://stackoverflow.com/jobs/493625/front-end-software-engineer-payments-jpmorgan-chase-bank-na
Front End Web Developer,Xactware,"Lehi, UT",https://stackoverflow.com/jobs/293752/front-end-web-developer-xactware
JavaScript Developer,Kinsta,No office location,https://stackoverflow.com/jobs/491943/javascript-developer-kinsta
SOFTWARE ENGINEERING MANAGER BACK-END (H/F),DECATHLON,"Croix, France",https://stackoverflow.com/jobs/454590/software-engineering-manager-back-end-h-f-decathlon
Senior Software Developer,illuno,"Plano, TX",https://stackoverflow.com/jobs/497123/senior-software-developer-illuno
Solutions Engineer,Deepgram,"San Francisco, CA",https://stackoverflow.com/jobs/431389/solutions-engineer-deepgram
"Frontend Software Engineer, Trust & Safety Platform",ByteDance,Singapore,https://stackoverflow.com/jobs/423497/frontend-software-engineer-trust-safety-bytedance
SAP-Tech-Developer (m/w/d),GASAG AG,"Berlin, Deutschland",https://stackoverflow.com/jobs/473103/sap-tech-developer-m-w-d-gasag-ag
Senior Software Architekt (m/w/d) mit Option auf stellv. Teamleitung,Meierhofer AG,"Berlin, Deutschland",https://stackoverflow.com/jobs/465084/senior-software-architekt-m-w-d-mit-option-auf-meierhofer-ag
Webfejlesztő,UNIQA Raiffeisen Software Service Kft.,"Budapest, Ungarn",https://stackoverflow.com/jobs/374734/webfejleszt%C5%91-uniqa-raiffeisen-software
Senior Full-Stack Developer / Engineer (Secure Comms),SaltDNA,"Belfast, UK",https://stackoverflow.com/jobs/467740/senior-full-stack-developer-engineer-secure-saltdna
FinTech Developer,Arative Technologies,No office location,https://stackoverflow.com/jobs/493274/fintech-developer-arative-technologies
AEM Architect,Railroad19,No office location,https://stackoverflow.com/jobs/468540/aem-architect-railroad19
Senior Full Stack Engineer,"UrbanFootprint, Inc.","Berkeley, CA",https://stackoverflow.com/jobs/486612/senior-full-stack-engineer-urbanfootprint-inc
Java Fullstack Entwickler (m/w/d) - deutschlandweit & remote,objective partner AG,"Weinheim, Deutschland",https://stackoverflow.com/jobs/443596/java-fullstack-entwickler-m-w-d-objective-partner-ag
Front-end Engineer,InCloudCounsel,"San Francisco, CA",https://stackoverflow.com/jobs/433449/front-end-engineer-incloudcounsel
Software Engineer,Paf - Games Sport Casino,"Helsinki, Finland",https://stackoverflow.com/jobs/472011/software-engineer-paf-games-sport-casino
Senior Full Stack Developer - Remote,Insider,No office location,https://stackoverflow.com/jobs/456301/senior-full-stack-developer-remote-insider
Experienced Java Developer with a lot of freedom in your work,TOPdesk,"Budapest, Hungary",https://stackoverflow.com/jobs/460593/experienced-java-developer-with-a-lot-of-freedom-topdesk
Front End UI Engineer,Market America / Shop.com,"Monterey, CA",https://stackoverflow.com/jobs/490157/front-end-ui-engineer-market-america-shopcom
Modern .Net Core Senior Engineer,dunnhumby Ltd.,"London, UK",https://stackoverflow.com/jobs/206288/modern-net-core-senior-engineer-dunnhumby-ltd
Javascript Developer - Angular or Node.js,Arcanys,"Cebu City, Philippines",https://stackoverflow.com/jobs/243375/javascript-developer-angular-or-nodejs-arcanys
Senior Frontend Engineer - Piñata Farms (Los Angeles),Unusual Ventures,"Los Angeles, CA",https://stackoverflow.com/jobs/490535/senior-frontend-engineer-pi%C3%B1ata-farms-los-unusual-ventures
Front-end Engineer - Working in Japan,LINE Fukuoka,"Fukuoka, Japan",https://stackoverflow.com/jobs/273839/front-end-engineer-working-in-japan-line-fukuoka
PHP Full Stack Developer (f/m/d),zooplus AG,"Wien, Austria",https://stackoverflow.com/jobs/465680/php-full-stack-developer-f-m-d-zooplus-ag
AEM Software Developer (m/f/x) Zeppelin Digital Platform,Zeppelin GmbH,"Garching bei München, Deutschland",https://stackoverflow.com/jobs/474754/aem-software-developer-m-f-x-zeppelin-digital-zeppelin-gmbh
Senior Software Engineer Frontend React,"Chewy, Inc.","Seattle, WA",https://stackoverflow.com/jobs/475346/senior-software-engineer-frontend-react-chewy-inc
Back End Engineer - Retail & Catalog,Everli,No office location,https://stackoverflow.com/jobs/415688/back-end-engineer-retail-catalog-everli
Director Software Engineering,Citizens Bank,"Providence, RI",https://stackoverflow.com/jobs/492567/director-software-engineering-citizens-bank
Senior Software Developer,illuno,"Plano, TX",https://stackoverflow.com/jobs/497123/senior-software-developer-illuno
Software Engineer II,Citizens Bank,"Providence, RI",https://stackoverflow.com/jobs/494600/software-engineer-ii-citizens-bank
Javascript Developer,Arative Technologies,No office location,https://stackoverflow.com/jobs/493275/javascript-developer-arative-technologies
SAP-Tech-Developer (m/w/d),GASAG AG,"Berlin, Deutschland",https://stackoverflow.com/jobs/473103/sap-tech-developer-m-w-d-gasag-ag
Front-End Developer,Digidentity,"Den Haag, Netherlands",https://stackoverflow.com/jobs/305537/front-end-developer-digidentity
Software Engineer,FactSet,"Norwalk, CT",https://stackoverflow.com/jobs/460282/software-engineer-factset
Windows software developer in audiology,HörTech gGmbH,"Oldenburg, Deutschland",https://stackoverflow.com/jobs/491902/windows-software-developer-in-audiology-h%C3%B6rtech-ggmbh
Lead Front-end Engineer,Launch Potato,"Delray Beach, FL",https://stackoverflow.com/jobs/468509/lead-front-end-engineer-launch-potato
Frontend Engineer,causaLens,"London, UK",https://stackoverflow.com/jobs/462390/frontend-engineer-causalens
Full Stack Developer (m/w/d),Haufe Group,"Freiburg im Breisgau, Germany",https://stackoverflow.com/jobs/455781/full-stack-developer-m-w-d-haufe-group
Senior Full Stack Engineer - Cyber Security,Myra Security GmbH,"München, Deutschland",https://stackoverflow.com/jobs/466848/senior-full-stack-engineer-cyber-security-myra-security-gmbh
Frontend Developer,Squla,"Amsterdam, Netherlands",https://stackoverflow.com/jobs/454638/frontend-developer-squla
Front End Engineer (ExtJS): Remote (Global)),Modus Create,No office location,https://stackoverflow.com/jobs/488063/front-end-engineer-extjs-remote-global-modus-create
QA Engineer,Arative Technologies,No office location,https://stackoverflow.com/jobs/493273/qa-engineer-arative-technologies
Teamleiter Softwareentwicklung (m/w/d),Haufe Group,"Freiburg im Breisgau, Germany",https://stackoverflow.com/jobs/473484/teamleiter-softwareentwicklung-m-w-d-haufe-group
Frontend Developer (m/w/d),neteleven GmbH,"München, Deutschland",https://stackoverflow.com/jobs/472014/frontend-developer-m-w-d-neteleven-gmbh
Lead Engineer - Join our growing team of 40+ software engineers,Tails.com,"Richmond, UK",https://stackoverflow.com/jobs/391983/lead-engineer-join-our-growing-team-of-40-plus-tailscom
Ruby on Rails Team Lead,CivicPlus/Icon Enterprises/the hidden job,"New Haven, CT",https://stackoverflow.com/jobs/497331/ruby-on-rails-team-lead-civicplus-icon-enterprises
Team Lead Backend Development (Java Enterprise) (m/f/d),Offerista Group GmbH,"Dresden, Deutschland",https://stackoverflow.com/jobs/477594/team-lead-backend-development-java-enterprise-offerista-group-gmbh
Full Stack Engineer,Beatrust Inc.,"Minato City, Japan",https://stackoverflow.com/jobs/429319/full-stack-engineer-beatrust-inc
Full Stack Developer,Servian,"Sydney, Australia",https://stackoverflow.com/jobs/424942/full-stack-developer-servian
"Frontendutvecklare med fullstack-kunskaper, ICA Försäkring",ICA Gruppen,"Solna, Sweden",https://stackoverflow.com/jobs/460642/frontendutvecklare-med-fullstack-kunskaper-ica-ica-gruppen
Windows software developer in audiology,HörTech gGmbH,"Oldenburg, Deutschland",https://stackoverflow.com/jobs/491902/windows-software-developer-in-audiology-h%C3%B6rtech-ggmbh
Lead Front-end Engineer,Launch Potato,"Delray Beach, FL",https://stackoverflow.com/jobs/468509/lead-front-end-engineer-launch-potato
Software Engineer .NET,VX Company,"Baarn, Netherlands",https://stackoverflow.com/jobs/377088/software-engineer-net-vx-company
SOFTWARE ENGINEERING MANAGER BACK-END (H/F),DECATHLON,"Croix, France",https://stackoverflow.com/jobs/454590/software-engineering-manager-back-end-h-f-decathlon
Lead Software Engineer - Game Optimization Platform,Voodoo.io,"Paris, France",https://stackoverflow.com/jobs/410368/lead-software-engineer-game-optimization-voodooio
Full Stack Developer (m/w/d),Haufe Group,"Freiburg im Breisgau, Germany",https://stackoverflow.com/jobs/455781/full-stack-developer-m-w-d-haufe-group
Java Fullstack Entwickler (m/w/d) - Weinheim & remote,objective partner AG,"Weinheim, Deutschland",https://stackoverflow.com/jobs/496584/java-fullstack-entwickler-m-w-d-weinheim-objective-partner-ag
Senior Frontend Engineer,Maven Clinic,"New York, NY",https://stackoverflow.com/jobs/488058/senior-frontend-engineer-maven-clinic
Principal Software Engineer,Citizens Bank,"Providence, RI",https://stackoverflow.com/jobs/494582/principal-software-engineer-citizens-bank
Java Fullstack Entwickler (m/w/d) - deutschlandweit & remote,objective partner AG,"Weinheim, Deutschland",https://stackoverflow.com/jobs/443596/java-fullstack-entwickler-m-w-d-objective-partner-ag
.NET Software Engineer,Kaizen Gaming (Stoiximan/Betano),No office location,https://stackoverflow.com/jobs/411413/net-software-engineer-kaizen-gaming-stoiximan
Frontend Software Engineer (React),Idelic Inc,"Pittsburgh, PA",https://stackoverflow.com/jobs/493257/frontend-software-engineer-react-idelic-inc
.NET Core Developer,Bilbayt,No office location,https://stackoverflow.com/jobs/492507/net-core-developer-bilbayt
"Frontend Tech Lead, Trust & Safety Platform",ByteDance,Singapore,https://stackoverflow.com/jobs/423498/frontend-tech-lead-trust-safety-platform-bytedance
Mid Weight Drupal Developer,Access,"Manchester, UK",https://stackoverflow.com/jobs/445398/mid-weight-drupal-developer-access
Front-end Developer,Triple,"Alkmaar, Netherlands",https://stackoverflow.com/jobs/407700/front-end-developer-triple
Product Designer (UX/UI) - Australia (remote),Octopus Deploy,No office location,https://stackoverflow.com/jobs/485288/product-designer-ux-ui-australia-remote-octopus-deploy
AI Solutions Architect,Soul Machines Limited,"San Francisco, CA",https://stackoverflow.com/jobs/486185/ai-solutions-architect-soul-machines-limited
Experienced Ruby on Rails Developer,SimplePay,"Cape Town, South Africa",https://stackoverflow.com/jobs/450851/experienced-ruby-on-rails-developer-simplepay
Senior Front-End Architect,Accenture Italy,"Milan, Italy",https://stackoverflow.com/jobs/448558/senior-front-end-architect-accenture-italy
Senior Frontend Engineer - Global Contact Center (f/m/d),Delivery Hero SE,"Berlin, Germany",https://stackoverflow.com/jobs/439740/senior-frontend-engineer-global-contact-center-delivery-hero-se
Front-end Software Engineer - Deliver citizen-centric web apps,Government Technology Agency of Singapore,Singapore,https://stackoverflow.com/jobs/408128/front-end-software-engineer-deliver-citizen-government-technology-agency
Software Developer,VPL,No office location,https://stackoverflow.com/jobs/483483/software-developer-vpl
Senior Web Developer Frontend (m/w/d),spheos GmbH & Co.KG',"Munich, Germany",https://stackoverflow.com/jobs/477298/senior-web-developer-frontend-m-w-d-spheos-gmbh-cokg
Senior Front-end Engineer,Bloomreach,No office location,https://stackoverflow.com/jobs/478212/senior-front-end-engineer-bloomreach
Senior Drupal Developer,Access,"Manchester, UK",https://stackoverflow.com/jobs/445396/senior-drupal-developer-access
Frontend Web Engineer,IRL,No office location,https://stackoverflow.com/jobs/482079/frontend-web-engineer-irl
Frontend Engineer (Angular),PSP Media,No office location,https://stackoverflow.com/jobs/488329/frontend-engineer-angular-psp-media
Director Software Engineering,Citizens Bank,"Providence, RI",https://stackoverflow.com/jobs/494594/director-software-engineering-citizens-bank
Technical Lead,ENGIE Digital,"Paris, France",https://stackoverflow.com/jobs/471583/technical-lead-engie-digital
Frontend Developer (Associate) - Consumer Industry Cloud,SAP,"Pudong, China",https://stackoverflow.com/jobs/494223/frontend-developer-associate-consumer-sap
Principal Software Engineer,Citizens Bank,"Providence, RI",https://stackoverflow.com/jobs/494581/principal-software-engineer-citizens-bank
"Senior Software Engineer, Front-end Focused",Radix DLT,No office location,https://stackoverflow.com/jobs/465700/senior-software-engineer-front-end-focused-radix-dlt
Senior User Experience Software Engineer,"JPMorgan Chase Bank, N.A.","Jersey City, NJ",https://stackoverflow.com/jobs/497458/senior-user-experience-software-engineer-jpmorgan-chase-bank-na
Software Architect,Nurun,No office location,https://stackoverflow.com/jobs/415675/software-architect-nurun
Full Stack Developer (Node.js),Grand Parade,"Kraków, Poland",https://stackoverflow.com/jobs/466419/full-stack-developer-nodejs-grand-parade
1x Software Architect/Lead (Cloud) & 1x Senior DevOps Engineer,Solar And Storage Modelling Pty Ltd (Solcast),"Leichhardt, Australia",https://stackoverflow.com/jobs/434165/1x-software-architect-lead-cloud-1x-senior-solar-and-storage-modelling
Senior Full Stack Engineer (w/m/d) Java/GCP | Inbound Logistik,Otto (GmbH & Co KG),"Hamburg, Deutschland",https://stackoverflow.com/jobs/462188/senior-full-stack-engineer-w-m-d-java-gcp-otto-gmbh-co-kg
Senior Platform Services Software Engineer (United States and Canada),Circle,No office location,https://stackoverflow.com/jobs/496060/senior-platform-services-software-engineer-circle
Angular/Ruby on Rails Developer (US or Canada),BiTE interactive,No office location,https://stackoverflow.com/jobs/481735/angular-ruby-on-rails-developer-us-or-canada-bite-interactive
Senior Front End Engineer (super early stage startup) / remote / Europe,Mote Technologies Inc.,No office location,https://stackoverflow.com/jobs/437587/senior-front-end-engineer-super-early-stage-mote-technologies-inc
Fullstack Developer [Dutch Speaking],Triple,"Alkmaar, Netherlands",https://stackoverflow.com/jobs/407725/fullstack-developer-dutch-speaking-triple
SRE(Site Reliability Engineer),ENGIE Digital,"Paris, France",https://stackoverflow.com/jobs/481720/sre-site-reliability-engineer-engie-digital
"Back End Engineer - (Python, Node)",Modus Create,No office location,https://stackoverflow.com/jobs/496836/back-end-engineer-python-node-modus-create
Java Developer,LMAX Group,"London, UK",https://stackoverflow.com/jobs/181651/java-developer-lmax-group
Head of Development - Remote,Zyte (formerly Scrapinghub),No office location,https://stackoverflow.com/jobs/485495/head-of-development-remote-zyte-formerly-scrapinghub
Senior Tech Engineer (Front-end),Voodoo.io,"Paris, France",https://stackoverflow.com/jobs/430364/senior-tech-engineer-front-end-voodooio
"Back End Engineer (Python, Pandas) - Remote, US",Modus Create,No office location,https://stackoverflow.com/jobs/496586/back-end-engineer-python-pandas-remote-us-modus-create
Frontend Developer - Consumer Industry Cloud,SAP,"Pudong, China",https://stackoverflow.com/jobs/494224/frontend-developer-consumer-industry-cloud-sap
Full-Stack Developer (f/m/d) - Core Engineering Team,Receeve GmbH,"Hamburg, Deutschland",https://stackoverflow.com/jobs/351277/full-stack-developer-f-m-d-core-engineering-receeve-gmbh
Head of Development - Remote,Zyte (formerly Scrapinghub),No office location,https://stackoverflow.com/jobs/485495/head-of-development-remote-zyte-formerly-scrapinghub
Senior Tech Engineer (Front-end),Voodoo.io,"Paris, France",https://stackoverflow.com/jobs/430364/senior-tech-engineer-front-end-voodooio
"Frontend Engineer, Web",Aaqua,Singapore,https://stackoverflow.com/jobs/493601/frontend-engineer-web-aaqua
Frontend Developer - Consumer Industry Cloud,SAP,"Pudong, China",https://stackoverflow.com/jobs/494224/frontend-developer-consumer-industry-cloud-sap
Senior Fullstack Developer (Core Platform Services),Smartly.io,"Helsinki, Finland",https://stackoverflow.com/jobs/465571/senior-fullstack-developer-core-platform-smartlyio
Senior Frontend Developer - Consumer Industry Cloud,SAP,"Pudong, China",https://stackoverflow.com/jobs/495513/senior-frontend-developer-consumer-industry-sap
QA Automation Engineer - (Pytest),Modus Create,No office location,https://stackoverflow.com/jobs/496018/qa-automation-engineer-pytest-modus-create
Senior Platform Services Software Engineer (Europe),Circle,No office location,https://stackoverflow.com/jobs/496059/senior-platform-services-software-engineer-circle
"Frontend Engineer, Web",Aaqua,"Antwerp, Belgium",https://stackoverflow.com/jobs/465925/frontend-engineer-web-aaqua
Senior Web Developer,NN Group N.V.,"Den Haag, Netherlands",https://stackoverflow.com/jobs/482967/senior-web-developer-nn-group-nv
ISD Developer V (Senior Cloud Application Developer),Navy Federal Credit Union,"Vienna, VA",https://stackoverflow.com/jobs/467795/isd-developer-v-senior-cloud-application-navy-federal-credit-union
フロントエンドエンジニア,HENNGE K.K.,"Tokyo, Japan",https://stackoverflow.com/jobs/381284/%E3%83%95%E3%83%AD%E3%83%B3%E3%83%88%E3%82%A8%E3%83%B3%E3%83%89%E3%82%A8%E3%83%B3%E3%82%B8%E3%83%8B%E3%82%A2-hennge-kk
ISD Developer V (Senior Cloud Application Developer),Navy Federal Credit Union,"Merrifield, VA",https://stackoverflow.com/jobs/467990/isd-developer-v-senior-cloud-application-navy-federal-credit-union
ISD Developer V (Senior Cloud Application Developer),Navy Federal Credit Union,"Winchester, VA",https://stackoverflow.com/jobs/467992/isd-developer-v-senior-cloud-application-navy-federal-credit-union
ISD Developer V (Senior Cloud Application Developer),Navy Federal Credit Union,"Pensacola, FL",https://stackoverflow.com/jobs/467991/isd-developer-v-senior-cloud-application-navy-federal-credit-union
Lead React Engineer,Clearcover,"Chicago, IL",https://stackoverflow.com/jobs/496596/lead-react-engineer-clearcover
Software Engineer,WiseTech Global Ltd.,"Sydney, Australia",https://stackoverflow.com/jobs/496278/software-engineer-wisetech-global-ltd
Frontend Developer to build the leading Platform for ML,Hugging Face,"Paris, France",https://stackoverflow.com/jobs/448344/frontend-developer-to-build-the-leading-platform-hugging-face
Software Engineer - UI (Remote),Favorite Medium,"Fukuoka, Japan",https://stackoverflow.com/jobs/486210/software-engineer-ui-remote-favorite-medium
"Manager, Software Engineering (United States and Canada)",Circle,No office location,https://stackoverflow.com/jobs/496048/manager-software-engineering-united-states-and-circle
Software Developer (remote or onsite),Aptera Software,No office location,https://stackoverflow.com/jobs/455016/software-developer-remote-or-onsite-aptera-software
Senior Software Developer,HawkSoft,No office location,https://stackoverflow.com/jobs/444716/senior-software-developer-hawksoft
DevOps Engineer,Harlem Next,"Haarlem, Netherlands",https://stackoverflow.com/jobs/423490/devops-engineer-harlem-next
Senior Full Stack Engineer (Remote OR NYC),Noom,"New York, NY",https://stackoverflow.com/jobs/283522/senior-full-stack-engineer-remote-or-nyc-noom
